{"cameraMode":{"drawMode":0,"name":"Shaded","section":"Shading Mode"},"sceneLighting":false,"audioPlay":false,"sceneViewState":{"showFog":true,"showMaterialUpdate":false,"showSkybox":false,"showFlares":true,"showImageEffects":true,"showParticleSystems":true},"in2DMode":false,"pivot":{"x":-3.2947206497192385,"y":0.8141015768051148,"z":-11.311226844787598},"rotation":{"x":0.0001027632097247988,"y":0.999768853187561,"z":-0.004808553960174322,"w":0.021299341693520547},"size":7.7299113273620609,"orthographic":false}