{"cameraMode":{"drawMode":0,"name":"Shaded","section":"Shading Mode"},"sceneLighting":false,"audioPlay":false,"sceneViewState":{"showFog":true,"showMaterialUpdate":false,"showSkybox":false,"showFlares":true,"showImageEffects":true,"showParticleSystems":true},"in2DMode":false,"pivot":{"x":0.41463491320610049,"y":0.30460843443870547,"z":0.2587748169898987},"rotation":{"x":-0.014008400030434132,"y":-0.9856200814247131,"z":0.13267657160758973,"w":-0.10388896614313126},"size":0.9304787516593933,"orthographic":false}