{"cameraMode":{"drawMode":0,"name":"Shaded","section":"Shading Mode"},"sceneLighting":false,"audioPlay":false,"sceneViewState":{"showFog":true,"showMaterialUpdate":false,"showSkybox":false,"showFlares":true,"showImageEffects":true,"showParticleSystems":true},"in2DMode":false,"pivot":{"x":129.1505584716797,"y":216.9385986328125,"z":66.805908203125},"rotation":{"x":-0.13306042551994325,"y":-0.07187826931476593,"z":0.009675487875938416,"w":-0.9884610176086426},"size":502.9839782714844,"orthographic":false}