{"cameraMode":{"drawMode":0,"name":"Shaded","section":"Shading Mode"},"sceneLighting":false,"audioPlay":false,"sceneViewState":{"showFog":true,"showMaterialUpdate":false,"showSkybox":false,"showFlares":true,"showImageEffects":true,"showParticleSystems":true},"in2DMode":false,"pivot":{"x":8.439302444458008,"y":1.265295147895813,"z":2.3911359310150148},"rotation":{"x":-0.1592002511024475,"y":0.1055135652422905,"z":-0.017115389928221704,"w":-0.9814432263374329},"size":7.623997211456299,"orthographic":false}