{"cameraMode":{"drawMode":0,"name":"Shaded","section":"Shading Mode"},"sceneLighting":false,"audioPlay":false,"sceneViewState":{"showFog":true,"showMaterialUpdate":false,"showSkybox":false,"showFlares":true,"showImageEffects":true,"showParticleSystems":true},"in2DMode":false,"pivot":{"x":2.5062918663024904,"y":-1.1086804866790772,"z":2.291961908340454},"rotation":{"x":0.19777768850326539,"y":0.24663040041923524,"z":-0.051465682685375217,"w":0.9473353028297424},"size":4.24523401260376,"orthographic":false}