{"cameraMode":{"drawMode":0,"name":"Shaded","section":"Shading Mode"},"sceneLighting":true,"audioPlay":false,"sceneViewState":{"showFog":true,"showMaterialUpdate":false,"showSkybox":true,"showFlares":true,"showImageEffects":true,"showParticleSystems":true},"in2DMode":false,"pivot":{"x":46.92852020263672,"y":26.239999771118165,"z":-17.190000534057618},"rotation":{"x":-0.06763376295566559,"y":-0.061037953943014148,"z":0.0041416664607822899,"w":-0.9958525896072388},"size":22.0,"orthographic":false}