{"cameraMode":{"drawMode":0,"name":"Shaded","section":"Shading Mode"},"sceneLighting":true,"audioPlay":false,"sceneViewState":{"showFog":true,"showMaterialUpdate":false,"showSkybox":true,"showFlares":true,"showImageEffects":true,"showParticleSystems":true},"in2DMode":false,"pivot":{"x":30.465185165405275,"y":1.6675434112548829,"z":27.086444854736329},"rotation":{"x":0.02876437082886696,"y":0.05331870913505554,"z":-0.0015469510108232499,"w":0.9981743097305298},"size":7.791950702667236,"orthographic":false}